sample_id,relation_A,relation_C,mode_A,mode_C,confidence_1to3_A,confidence_1to3_C,final_relation,final_mode,adjudication_notes
L004,supports,supports,incomplete,explicit_stance,3,3,supports,explicit_stance,
L007,opposes,mixed_or_conditional,analytical_exposition,analytical_exposition,3,2,opposes,analytical_exposition,
L010,opposes,neutral_or_no_position,analytical_exposition,analytical_exposition,3,3,neutral_or_no_position,analytical_exposition,
L014,mixed_or_conditional,supports,explicit_stance,explicit_stance,3,3,mixed_or_conditional,explicit_stance,
L015,supports,mixed_or_conditional,explicit_stance,voiced_continuation,3,1,supports,explicit_stance,
L018,mixed_or_conditional,opposes,explicit_stance,explicit_stance,3,3,opposes,explicit_stance,
L022,mixed_or_conditional,unclear,analytical_exposition,explicit_stance,3,3,mixed_or_conditional,explicit_stance,
L030,supports,supports,analytical_exposition,explicit_stance,3,3,supports,analytical_exposition,
L031,supports,supports,explicit_stance,incomplete,3,3,supports,incomplete,
L033,opposes,opposes,analytical_exposition,refusal,3,3,opposes,analytical_exposition,
L034,supports,supports,explicit_stance,analytical_exposition,3,3,supports,analytical_exposition,
L037,supports,supports,incomplete,explicit_stance,3,3,supports,explicit_stance,
L038,supports,mixed_or_conditional,analytical_exposition,analytical_exposition,3,2,mixed_or_conditional,analytical_exposition,
L039,opposes,neutral_or_no_position,analytical_exposition,refusal,3,3,opposes,analytical_exposition,
L041,opposes,supports,analytical_exposition,voiced_continuation,3,3,opposes,analytical_exposition,
L044,supports,neutral_or_no_position,analytical_exposition,analytical_exposition,3,3,neutral_or_no_position,analytical_exposition,
L046,unclear,unclear,incomplete,refusal,3,3,unclear,incomplete,
L048,opposes,neutral_or_no_position,analytical_exposition,analytical_exposition,3,3,mixed_or_conditional,analytical_exposition,
L053,supports,supports,analytical_exposition,explicit_stance,3,3,supports,analytical_exposition,
L054,supports,mixed_or_conditional,analytical_exposition,analytical_exposition,3,2,mixed_or_conditional,analytical_exposition,
L057,supports,neutral_or_no_position,analytical_exposition,analytical_exposition,3,3,mixed_or_conditional,analytical_exposition,
L059,supports,unclear,incomplete,analytical_exposition,3,1,unclear,incomplete,
L060,opposes,opposes,analytical_exposition,explicit_stance,3,3,opposes,analytical_exposition,
L061,supports,supports,explicit_stance,analytical_exposition,3,2,supports,analytical_exposition,
L064,mixed_or_conditional,opposes,explicit_stance,explicit_stance,3,3,opposes,explicit_stance,
L066,opposes,neutral_or_no_position,analytical_exposition,analytical_exposition,3,3,neutral_or_no_position,analytical_exposition,
L068,supports,neutral_or_no_position,explicit_stance,analytical_exposition,3,3,supports,analytical_exposition,
L069,supports,mixed_or_conditional,analytical_exposition,refusal,3,3,neutral_or_no_position,analytical_exposition,
L074,opposes,supports,explicit_stance,refusal,3,3,opposes,incomplete,
L077,unclear,unclear,empty,refusal,3,1,unclear,empty,
L079,opposes,neutral_or_no_position,analytical_exposition,analytical_exposition,3,3,neutral_or_no_position,analytical_exposition,
L080,opposes,neutral_or_no_position,analytical_exposition,analytical_exposition,3,2,mixed_or_conditional,analytical_exposition,
L083,unclear,mixed_or_conditional,other,explicit_stance,3,1,unclear,incomplete,
L087,opposes,opposes,explicit_stance,analytical_exposition,3,3,opposes,explicit_stance,
L088,supports,neutral_or_no_position,analytical_exposition,voiced_continuation,3,1,neutral_or_no_position,analytical_exposition,
L090,supports,opposes,incomplete,explicit_stance,3,3,supports,incomplete,
L092,opposes,mixed_or_conditional,analytical_exposition,analytical_exposition,3,2,mixed_or_conditional,analytical_exposition,
L096,supports,mixed_or_conditional,explicit_stance,explicit_stance,3,3,mixed_or_conditional,explicit_stance,
L098,supports,supports,analytical_exposition,refusal,3,3,supports,analytical_exposition,
L103,mixed_or_conditional,opposes,voiced_continuation,incomplete,3,3,opposes,incomplete,
L104,mixed_or_conditional,supports,explicit_stance,explicit_stance,3,3,supports,explicit_stance,
L107,opposes,mixed_or_conditional,analytical_exposition,analytical_exposition,3,3,opposes,analytical_exposition,
L108,supports,neutral_or_no_position,incomplete,voiced_continuation,3,3,supports,incomplete,
L113,supports,supports,voiced_continuation,explicit_stance,3,2,supports,explicit_stance,
L114,opposes,mixed_or_conditional,explicit_stance,explicit_stance,3,3,opposes,explicit_stance,
L115,supports,mixed_or_conditional,explicit_stance,explicit_stance,3,3,mixed_or_conditional,explicit_stance,
L116,opposes,neutral_or_no_position,analytical_exposition,analytical_exposition,3,3,neutral_or_no_position,analytical_exposition,
L121,mixed_or_conditional,mixed_or_conditional,analytical_exposition,explicit_stance,3,3,mixed_or_conditional,analytical_exposition,
L122,opposes,mixed_or_conditional,analytical_exposition,refusal,3,2,opposes,analytical_exposition,
L124,opposes,mixed_or_conditional,explicit_stance,explicit_stance,3,3,mixed_or_conditional,explicit_stance,
L125,mixed_or_conditional,opposes,explicit_stance,voiced_continuation,3,2,mixed_or_conditional,voiced_continuation,
L126,supports,neutral_or_no_position,voiced_continuation,refusal,3,3,unclear,refusal,
L128,supports,neutral_or_no_position,analytical_exposition,analytical_exposition,3,3,supports,analytical_exposition,
L133,supports,neutral_or_no_position,analytical_exposition,analytical_exposition,3,3,supports,analytical_exposition,
L134,unclear,unclear,other,incomplete,3,1,unclear,incomplete,
L136,supports,neutral_or_no_position,analytical_exposition,analytical_exposition,3,3,supports,analytical_exposition,
L137,mixed_or_conditional,opposes,analytical_exposition,explicit_stance,3,3,opposes,analytical_exposition,
L138,unclear,supports,other,incomplete,3,3,unclear,incomplete,
L139,supports,neutral_or_no_position,voiced_continuation,voiced_continuation,3,3,supports,voiced_continuation,
L142,supports,neutral_or_no_position,explicit_stance,voiced_continuation,3,3,neutral_or_no_position,other,
L149,supports,mixed_or_conditional,explicit_stance,explicit_stance,3,3,mixed_or_conditional,explicit_stance,
