sample_id,relation_A,relation_C,mode_A,mode_C,confidence_C,final_relation,final_mode,adjudication_notes
L113,supports,supports,voiced_continuation,explicit_stance,2,,,
L134,unclear,unclear,other,incomplete,1,,,
L057,supports,neutral_or_no_position,analytical_exposition,analytical_exposition,3,,,
L010,opposes,neutral_or_no_position,analytical_exposition,analytical_exposition,3,,,
L066,opposes,neutral_or_no_position,analytical_exposition,analytical_exposition,3,,,
L031,supports,supports,explicit_stance,incomplete,3,,,
L064,mixed_or_conditional,opposes,explicit_stance,explicit_stance,3,,,
L114,opposes,mixed_or_conditional,explicit_stance,explicit_stance,3,,,
L104,mixed_or_conditional,supports,explicit_stance,explicit_stance,3,,,
L121,mixed_or_conditional,mixed_or_conditional,analytical_exposition,explicit_stance,3,,,
L030,supports,supports,analytical_exposition,explicit_stance,3,,,
L037,supports,supports,incomplete,explicit_stance,3,,,
L061,supports,supports,explicit_stance,analytical_exposition,2,,,
L007,opposes,mixed_or_conditional,analytical_exposition,analytical_exposition,2,,,
L053,supports,supports,analytical_exposition,explicit_stance,3,,,
L059,supports,unclear,incomplete,analytical_exposition,1,,,
L142,supports,neutral_or_no_position,explicit_stance,voiced_continuation,3,,,
L107,opposes,mixed_or_conditional,analytical_exposition,analytical_exposition,3,,,
L087,opposes,opposes,explicit_stance,analytical_exposition,3,,,
L022,mixed_or_conditional,unclear,analytical_exposition,explicit_stance,3,,,
L074,opposes,supports,explicit_stance,refusal,3,,,
L124,opposes,mixed_or_conditional,explicit_stance,explicit_stance,3,,,
L103,mixed_or_conditional,opposes,voiced_continuation,incomplete,3,,,
L137,mixed_or_conditional,opposes,analytical_exposition,explicit_stance,3,,,
L034,supports,supports,explicit_stance,analytical_exposition,3,,,
L098,supports,supports,analytical_exposition,refusal,3,,,
L128,supports,neutral_or_no_position,analytical_exposition,analytical_exposition,3,,,
L048,opposes,neutral_or_no_position,analytical_exposition,analytical_exposition,3,,,
L044,supports,neutral_or_no_position,analytical_exposition,analytical_exposition,3,,,
L018,mixed_or_conditional,opposes,explicit_stance,explicit_stance,3,,,
L039,opposes,neutral_or_no_position,analytical_exposition,refusal,3,,,
L079,opposes,neutral_or_no_position,analytical_exposition,analytical_exposition,3,,,
L033,opposes,opposes,analytical_exposition,refusal,3,,,
L069,supports,mixed_or_conditional,analytical_exposition,refusal,3,,,
L138,unclear,supports,other,incomplete,3,,,
L088,supports,neutral_or_no_position,analytical_exposition,voiced_continuation,1,,,
L004,supports,supports,incomplete,explicit_stance,3,,,
L060,opposes,opposes,analytical_exposition,explicit_stance,3,,,
L054,supports,mixed_or_conditional,analytical_exposition,analytical_exposition,2,,,
L096,supports,mixed_or_conditional,explicit_stance,explicit_stance,3,,,
L116,opposes,neutral_or_no_position,analytical_exposition,analytical_exposition,3,,,
L041,opposes,supports,analytical_exposition,voiced_continuation,3,,,
L125,mixed_or_conditional,opposes,explicit_stance,voiced_continuation,2,,,
L015,supports,mixed_or_conditional,explicit_stance,voiced_continuation,1,,,
L122,opposes,mixed_or_conditional,analytical_exposition,refusal,2,,,
L108,supports,neutral_or_no_position,incomplete,voiced_continuation,3,,,
L090,supports,opposes,incomplete,explicit_stance,3,,,
L136,supports,neutral_or_no_position,analytical_exposition,analytical_exposition,3,,,
L080,opposes,neutral_or_no_position,analytical_exposition,analytical_exposition,2,,,
L139,supports,neutral_or_no_position,voiced_continuation,voiced_continuation,3,,,
L115,supports,mixed_or_conditional,explicit_stance,explicit_stance,3,,,
L068,supports,neutral_or_no_position,explicit_stance,analytical_exposition,3,,,
L149,supports,mixed_or_conditional,explicit_stance,explicit_stance,3,,,
L038,supports,mixed_or_conditional,analytical_exposition,analytical_exposition,2,,,
L133,supports,neutral_or_no_position,analytical_exposition,analytical_exposition,3,,,
L126,supports,neutral_or_no_position,voiced_continuation,refusal,3,,,
L046,unclear,unclear,incomplete,refusal,3,,,
L083,unclear,mixed_or_conditional,other,explicit_stance,1,,,
L077,unclear,unclear,empty,refusal,1,,,
L014,mixed_or_conditional,supports,explicit_stance,explicit_stance,3,,,
L092,opposes,mixed_or_conditional,analytical_exposition,analytical_exposition,2,,,
