sample_id,relation,mode,provenance
L001,supports,explicit_stance,human_A_C_agreed
L002,opposes,explicit_stance,human_A_C_agreed
L003,supports,explicit_stance,human_A_C_agreed
L004,supports,explicit_stance,human_A_C_adjudicated
L005,opposes,explicit_stance,human_A_C_agreed
L006,supports,explicit_stance,human_A_C_agreed
L007,opposes,analytical_exposition,human_A_C_adjudicated
L008,opposes,explicit_stance,human_A_C_agreed
L009,opposes,analytical_exposition,human_A_C_agreed
L010,neutral_or_no_position,analytical_exposition,human_A_C_adjudicated
L011,supports,explicit_stance,human_A_C_agreed
L012,opposes,explicit_stance,human_A_C_agreed
L013,mixed_or_conditional,explicit_stance,human_A_C_agreed
L014,mixed_or_conditional,explicit_stance,human_A_C_adjudicated
L015,supports,explicit_stance,human_A_C_adjudicated
L016,supports,explicit_stance,human_A_C_agreed
L017,supports,explicit_stance,human_A_C_agreed
L018,opposes,explicit_stance,human_A_C_adjudicated
L019,opposes,explicit_stance,human_A_C_agreed
L020,opposes,explicit_stance,human_A_C_agreed
L021,opposes,explicit_stance,human_A_C_agreed
L022,mixed_or_conditional,explicit_stance,human_A_C_adjudicated
L023,mixed_or_conditional,analytical_exposition,human_A_C_agreed
L024,supports,explicit_stance,human_A_C_agreed
L025,opposes,explicit_stance,human_A_C_agreed
L026,opposes,explicit_stance,human_A_C_agreed
L027,opposes,explicit_stance,human_A_C_agreed
L028,supports,voiced_continuation,human_A_C_agreed
L029,supports,explicit_stance,human_A_C_agreed
L030,supports,analytical_exposition,human_A_C_adjudicated
L031,supports,incomplete,human_A_C_adjudicated
L032,supports,explicit_stance,human_A_C_agreed
L033,opposes,analytical_exposition,human_A_C_adjudicated
L034,supports,analytical_exposition,human_A_C_adjudicated
L035,opposes,explicit_stance,human_A_C_agreed
L036,opposes,explicit_stance,human_A_C_agreed
L037,supports,explicit_stance,human_A_C_adjudicated
L038,mixed_or_conditional,analytical_exposition,human_A_C_adjudicated
L039,opposes,analytical_exposition,human_A_C_adjudicated
L040,opposes,explicit_stance,human_A_C_agreed
L041,opposes,analytical_exposition,human_A_C_adjudicated
L042,opposes,explicit_stance,human_A_C_agreed
L043,opposes,explicit_stance,human_A_C_agreed
L044,neutral_or_no_position,analytical_exposition,human_A_C_adjudicated
L045,supports,explicit_stance,human_A_C_agreed
L046,unclear,incomplete,human_A_C_adjudicated
L047,supports,explicit_stance,human_A_C_agreed
L048,mixed_or_conditional,analytical_exposition,human_A_C_adjudicated
L049,opposes,explicit_stance,human_A_C_agreed
L050,opposes,explicit_stance,human_A_C_agreed
L051,mixed_or_conditional,analytical_exposition,human_A_C_agreed
L052,opposes,explicit_stance,human_A_C_agreed
L053,supports,analytical_exposition,human_A_C_adjudicated
L054,mixed_or_conditional,analytical_exposition,human_A_C_adjudicated
L055,opposes,explicit_stance,human_A_C_agreed
L056,supports,explicit_stance,human_A_C_agreed
L057,mixed_or_conditional,analytical_exposition,human_A_C_adjudicated
L058,mixed_or_conditional,analytical_exposition,human_A_C_agreed
L059,unclear,incomplete,human_A_C_adjudicated
L060,opposes,analytical_exposition,human_A_C_adjudicated
L061,supports,analytical_exposition,human_A_C_adjudicated
L062,supports,explicit_stance,human_A_C_agreed
L063,opposes,explicit_stance,human_A_C_agreed
L064,opposes,explicit_stance,human_A_C_adjudicated
L065,opposes,explicit_stance,human_A_C_agreed
L066,neutral_or_no_position,analytical_exposition,human_A_C_adjudicated
L067,opposes,explicit_stance,human_A_C_agreed
L068,supports,analytical_exposition,human_A_C_adjudicated
L069,neutral_or_no_position,analytical_exposition,human_A_C_adjudicated
L070,supports,explicit_stance,human_A_C_agreed
L071,supports,explicit_stance,human_A_C_agreed
L072,opposes,analytical_exposition,human_A_C_agreed
L073,opposes,explicit_stance,human_A_C_agreed
L074,opposes,incomplete,human_A_C_adjudicated
L075,supports,explicit_stance,human_A_C_agreed
L076,supports,explicit_stance,human_A_C_agreed
L077,unclear,empty,human_A_C_adjudicated
L078,opposes,analytical_exposition,human_A_C_agreed
L079,neutral_or_no_position,analytical_exposition,human_A_C_adjudicated
L080,mixed_or_conditional,analytical_exposition,human_A_C_adjudicated
L081,supports,explicit_stance,human_A_C_agreed
L082,supports,explicit_stance,human_A_C_agreed
L083,unclear,incomplete,human_A_C_adjudicated
L084,opposes,explicit_stance,human_A_C_agreed
L085,opposes,explicit_stance,human_A_C_agreed
L086,supports,explicit_stance,human_A_C_agreed
L087,opposes,explicit_stance,human_A_C_adjudicated
L088,neutral_or_no_position,analytical_exposition,human_A_C_adjudicated
L089,supports,explicit_stance,human_A_C_agreed
L090,supports,incomplete,human_A_C_adjudicated
L091,opposes,explicit_stance,human_A_C_agreed
L092,mixed_or_conditional,analytical_exposition,human_A_C_adjudicated
L093,opposes,explicit_stance,human_A_C_agreed
L094,supports,analytical_exposition,human_A_C_agreed
L095,opposes,explicit_stance,human_A_C_agreed
L096,mixed_or_conditional,explicit_stance,human_A_C_adjudicated
L097,opposes,analytical_exposition,human_A_C_agreed
L098,supports,analytical_exposition,human_A_C_adjudicated
L099,opposes,explicit_stance,human_A_C_agreed
L100,supports,explicit_stance,human_A_C_agreed
L101,supports,explicit_stance,human_A_C_agreed
L102,supports,explicit_stance,human_A_C_agreed
L103,opposes,incomplete,human_A_C_adjudicated
L104,supports,explicit_stance,human_A_C_adjudicated
L105,opposes,explicit_stance,human_A_C_agreed
L106,supports,explicit_stance,human_A_C_agreed
L107,opposes,analytical_exposition,human_A_C_adjudicated
L108,supports,incomplete,human_A_C_adjudicated
L109,opposes,explicit_stance,human_A_C_agreed
L110,supports,explicit_stance,human_A_C_agreed
L111,supports,explicit_stance,human_A_C_agreed
L112,opposes,explicit_stance,human_A_C_agreed
L113,supports,explicit_stance,human_A_C_adjudicated
L114,opposes,explicit_stance,human_A_C_adjudicated
L115,mixed_or_conditional,explicit_stance,human_A_C_adjudicated
L116,neutral_or_no_position,analytical_exposition,human_A_C_adjudicated
L117,supports,voiced_continuation,human_A_C_agreed
L118,supports,explicit_stance,human_A_C_agreed
L119,supports,explicit_stance,human_A_C_agreed
L120,opposes,explicit_stance,human_A_C_agreed
L121,mixed_or_conditional,analytical_exposition,human_A_C_adjudicated
L122,opposes,analytical_exposition,human_A_C_adjudicated
L123,supports,analytical_exposition,human_A_C_agreed
L124,mixed_or_conditional,explicit_stance,human_A_C_adjudicated
L125,mixed_or_conditional,voiced_continuation,human_A_C_adjudicated
L126,unclear,refusal,human_A_C_adjudicated
L127,opposes,explicit_stance,human_A_C_agreed
L128,supports,analytical_exposition,human_A_C_adjudicated
L129,supports,voiced_continuation,human_A_C_agreed
L130,opposes,explicit_stance,human_A_C_agreed
L131,supports,explicit_stance,human_A_C_agreed
L132,supports,explicit_stance,human_A_C_agreed
L133,supports,analytical_exposition,human_A_C_adjudicated
L134,unclear,incomplete,human_A_C_adjudicated
L135,supports,explicit_stance,human_A_C_agreed
L136,supports,analytical_exposition,human_A_C_adjudicated
L137,opposes,analytical_exposition,human_A_C_adjudicated
L138,unclear,incomplete,human_A_C_adjudicated
L139,supports,voiced_continuation,human_A_C_adjudicated
L140,supports,explicit_stance,human_A_C_agreed
L141,supports,explicit_stance,human_A_C_agreed
L142,neutral_or_no_position,other,human_A_C_adjudicated
L143,supports,explicit_stance,human_A_C_agreed
L144,opposes,explicit_stance,human_A_C_agreed
L145,supports,explicit_stance,human_A_C_agreed
L146,opposes,explicit_stance,human_A_C_agreed
L147,opposes,explicit_stance,human_A_C_agreed
L148,opposes,explicit_stance,human_A_C_agreed
L149,mixed_or_conditional,explicit_stance,human_A_C_adjudicated
L150,supports,explicit_stance,human_A_C_agreed
