evaluator_id,stratum,model,n_pairs,outcome_agreement,outcome_agreement_ci95_low,outcome_agreement_ci95_high,cohen_kappa,exact_text_match_rate,stratum_value,unmatched_transformers,unmatched_vllm
deterministic_stance_v1,all,OLMo-2-13B-Base,60,0.9667,0.9167,1.0,0.8993,0.7167,all,0,0
deterministic_stance_v1,all,OLMo-2-13B-SFT,60,0.9833,0.95,1.0,0.9714,0.3833,all,0,0
deterministic_stance_v1,all,OLMo-2-1B-Instruct,60,1.0,1.0,1.0,1.0,0.1833,all,0,0
faulborn_nli_reconstructed_as_written_seed42,all,OLMo-2-13B-Base,60,0.95,0.8833,1.0,0.9178,0.7167,all,0,0
faulborn_nli_reconstructed_as_written_seed42,all,OLMo-2-13B-SFT,60,0.9,0.8167,0.9667,0.8036,0.3833,all,0,0
faulborn_nli_reconstructed_as_written_seed42,all,OLMo-2-1B-Instruct,60,0.9667,0.9167,1.0,0.9309,0.1833,all,0,0
faulborn_nli_reconstructed_as_written_seed43,all,OLMo-2-13B-Base,60,0.9833,0.95,1.0,0.9702,0.7167,all,0,0
faulborn_nli_reconstructed_as_written_seed43,all,OLMo-2-13B-SFT,60,0.9667,0.9167,1.0,0.9233,0.3833,all,0,0
faulborn_nli_reconstructed_as_written_seed43,all,OLMo-2-1B-Instruct,60,0.95,0.8833,1.0,0.8881,0.1833,all,0,0
faulborn_nli_reconstructed_as_written_seed44,all,OLMo-2-13B-Base,60,0.95,0.8833,1.0,0.9112,0.7167,all,0,0
faulborn_nli_reconstructed_as_written_seed44,all,OLMo-2-13B-SFT,60,0.9333,0.8667,0.9833,0.8572,0.3833,all,0,0
faulborn_nli_reconstructed_as_written_seed44,all,OLMo-2-1B-Instruct,60,0.9667,0.9167,1.0,0.9309,0.1833,all,0,0
faulborn_nli_reconstructed_leakage_free_seed42,all,OLMo-2-13B-Base,60,0.95,0.8833,1.0,0.9217,0.7167,all,0,0
faulborn_nli_reconstructed_leakage_free_seed42,all,OLMo-2-13B-SFT,60,0.9833,0.95,1.0,0.96,0.3833,all,0,0
faulborn_nli_reconstructed_leakage_free_seed42,all,OLMo-2-1B-Instruct,60,0.9333,0.8667,0.9833,0.8439,0.1833,all,0,0
faulborn_nli_reconstructed_leakage_free_seed43,all,OLMo-2-13B-Base,60,0.9833,0.95,1.0,0.9692,0.7167,all,0,0
faulborn_nli_reconstructed_leakage_free_seed43,all,OLMo-2-13B-SFT,60,0.9833,0.95,1.0,0.9608,0.3833,all,0,0
faulborn_nli_reconstructed_leakage_free_seed43,all,OLMo-2-1B-Instruct,60,0.9167,0.85,0.9833,0.8167,0.1833,all,0,0
faulborn_nli_reconstructed_leakage_free_seed44,all,OLMo-2-13B-Base,60,0.9833,0.95,1.0,0.968,0.7167,all,0,0
faulborn_nli_reconstructed_leakage_free_seed44,all,OLMo-2-13B-SFT,60,0.95,0.8833,1.0,0.8949,0.3833,all,0,0
faulborn_nli_reconstructed_leakage_free_seed44,all,OLMo-2-1B-Instruct,60,0.9333,0.8667,0.9833,0.8667,0.1833,all,0,0
faulborn_nli_zeroshot,all,OLMo-2-13B-Base,60,0.9333,0.8667,0.9833,0.8737,0.7167,all,0,0
faulborn_nli_zeroshot,all,OLMo-2-13B-SFT,60,0.9333,0.8667,0.9833,0.7386,0.3833,all,0,0
faulborn_nli_zeroshot,all,OLMo-2-1B-Instruct,60,0.85,0.75,0.9333,0.5909,0.1833,all,0,0
deterministic_stance_v1,completeness,OLMo-2-13B-Base,21,1.0,1.0,1.0,1.0,0.9048,both_complete,0,0
deterministic_stance_v1,completeness,OLMo-2-13B-Base,37,0.9459,0.8649,1.0,0.4714,0.6486,both_truncated,0,0
deterministic_stance_v1,completeness,OLMo-2-13B-Base,2,1.0,1.0,1.0,,0.0,mixed,0,0
deterministic_stance_v1,completeness,OLMo-2-13B-SFT,21,1.0,1.0,1.0,1.0,0.619,both_complete,0,0
deterministic_stance_v1,completeness,OLMo-2-13B-SFT,37,0.973,0.9189,1.0,0.9538,0.2703,both_truncated,0,0
deterministic_stance_v1,completeness,OLMo-2-13B-SFT,2,1.0,1.0,1.0,1.0,0.0,mixed,0,0
deterministic_stance_v1,completeness,OLMo-2-1B-Instruct,60,1.0,1.0,1.0,1.0,0.1833,both_truncated,0,0
faulborn_nli_reconstructed_as_written_seed42,completeness,OLMo-2-13B-Base,21,0.9524,0.8571,1.0,0.9245,0.9048,both_complete,0,0
faulborn_nli_reconstructed_as_written_seed42,completeness,OLMo-2-13B-Base,37,0.9459,0.8649,1.0,0.8862,0.6486,both_truncated,0,0
faulborn_nli_reconstructed_as_written_seed42,completeness,OLMo-2-13B-Base,2,1.0,1.0,1.0,,0.0,mixed,0,0
faulborn_nli_reconstructed_as_written_seed42,completeness,OLMo-2-13B-SFT,21,0.9048,0.7619,1.0,0.8614,0.619,both_complete,0,0
faulborn_nli_reconstructed_as_written_seed42,completeness,OLMo-2-13B-SFT,37,0.8919,0.7838,0.973,0.7081,0.2703,both_truncated,0,0
faulborn_nli_reconstructed_as_written_seed42,completeness,OLMo-2-13B-SFT,2,1.0,1.0,1.0,,0.0,mixed,0,0
faulborn_nli_reconstructed_as_written_seed42,completeness,OLMo-2-1B-Instruct,60,0.9667,0.9167,1.0,0.9309,0.1833,both_truncated,0,0
faulborn_nli_reconstructed_as_written_seed43,completeness,OLMo-2-13B-Base,21,1.0,1.0,1.0,1.0,0.9048,both_complete,0,0
faulborn_nli_reconstructed_as_written_seed43,completeness,OLMo-2-13B-Base,37,0.973,0.9189,1.0,0.9428,0.6486,both_truncated,0,0
faulborn_nli_reconstructed_as_written_seed43,completeness,OLMo-2-13B-Base,2,1.0,1.0,1.0,,0.0,mixed,0,0
faulborn_nli_reconstructed_as_written_seed43,completeness,OLMo-2-13B-SFT,21,0.9524,0.8571,1.0,0.9278,0.619,both_complete,0,0
faulborn_nli_reconstructed_as_written_seed43,completeness,OLMo-2-13B-SFT,37,0.973,0.9189,1.0,0.8978,0.2703,both_truncated,0,0
faulborn_nli_reconstructed_as_written_seed43,completeness,OLMo-2-13B-SFT,2,1.0,1.0,1.0,,0.0,mixed,0,0
faulborn_nli_reconstructed_as_written_seed43,completeness,OLMo-2-1B-Instruct,60,0.95,0.8833,1.0,0.8881,0.1833,both_truncated,0,0
faulborn_nli_reconstructed_as_written_seed44,completeness,OLMo-2-13B-Base,21,1.0,1.0,1.0,1.0,0.9048,both_complete,0,0
faulborn_nli_reconstructed_as_written_seed44,completeness,OLMo-2-13B-Base,37,0.9189,0.8108,1.0,0.8421,0.6486,both_truncated,0,0
faulborn_nli_reconstructed_as_written_seed44,completeness,OLMo-2-13B-Base,2,1.0,1.0,1.0,,0.0,mixed,0,0
faulborn_nli_reconstructed_as_written_seed44,completeness,OLMo-2-13B-SFT,21,0.9524,0.8571,1.0,0.9309,0.619,both_complete,0,0
faulborn_nli_reconstructed_as_written_seed44,completeness,OLMo-2-13B-SFT,37,0.9189,0.8108,1.0,0.6882,0.2703,both_truncated,0,0
faulborn_nli_reconstructed_as_written_seed44,completeness,OLMo-2-13B-SFT,2,1.0,1.0,1.0,,0.0,mixed,0,0
faulborn_nli_reconstructed_as_written_seed44,completeness,OLMo-2-1B-Instruct,60,0.9667,0.9167,1.0,0.9309,0.1833,both_truncated,0,0
faulborn_nli_reconstructed_leakage_free_seed42,completeness,OLMo-2-13B-Base,21,0.9524,0.8571,1.0,0.9266,0.9048,both_complete,0,0
faulborn_nli_reconstructed_leakage_free_seed42,completeness,OLMo-2-13B-Base,37,0.9459,0.8649,1.0,0.8905,0.6486,both_truncated,0,0
faulborn_nli_reconstructed_leakage_free_seed42,completeness,OLMo-2-13B-Base,2,1.0,1.0,1.0,,0.0,mixed,0,0
faulborn_nli_reconstructed_leakage_free_seed42,completeness,OLMo-2-13B-SFT,21,0.9524,0.8571,1.0,0.9236,0.619,both_complete,0,0
faulborn_nli_reconstructed_leakage_free_seed42,completeness,OLMo-2-13B-SFT,37,1.0,1.0,1.0,1.0,0.2703,both_truncated,0,0
faulborn_nli_reconstructed_leakage_free_seed42,completeness,OLMo-2-13B-SFT,2,1.0,1.0,1.0,,0.0,mixed,0,0
faulborn_nli_reconstructed_leakage_free_seed42,completeness,OLMo-2-1B-Instruct,60,0.9333,0.8667,0.9833,0.8439,0.1833,both_truncated,0,0
faulborn_nli_reconstructed_leakage_free_seed43,completeness,OLMo-2-13B-Base,21,1.0,1.0,1.0,1.0,0.9048,both_complete,0,0
faulborn_nli_reconstructed_leakage_free_seed43,completeness,OLMo-2-13B-Base,37,0.973,0.9189,1.0,0.9428,0.6486,both_truncated,0,0
faulborn_nli_reconstructed_leakage_free_seed43,completeness,OLMo-2-13B-Base,2,1.0,1.0,1.0,,0.0,mixed,0,0
faulborn_nli_reconstructed_leakage_free_seed43,completeness,OLMo-2-13B-SFT,21,1.0,1.0,1.0,1.0,0.619,both_complete,0,0
faulborn_nli_reconstructed_leakage_free_seed43,completeness,OLMo-2-13B-SFT,37,0.973,0.9189,1.0,0.8775,0.2703,both_truncated,0,0
faulborn_nli_reconstructed_leakage_free_seed43,completeness,OLMo-2-13B-SFT,2,1.0,1.0,1.0,,0.0,mixed,0,0
faulborn_nli_reconstructed_leakage_free_seed43,completeness,OLMo-2-1B-Instruct,60,0.9167,0.85,0.9833,0.8167,0.1833,both_truncated,0,0
faulborn_nli_reconstructed_leakage_free_seed44,completeness,OLMo-2-13B-Base,21,1.0,1.0,1.0,1.0,0.9048,both_complete,0,0
faulborn_nli_reconstructed_leakage_free_seed44,completeness,OLMo-2-13B-Base,37,0.973,0.9189,1.0,0.9385,0.6486,both_truncated,0,0
faulborn_nli_reconstructed_leakage_free_seed44,completeness,OLMo-2-13B-Base,2,1.0,1.0,1.0,,0.0,mixed,0,0
faulborn_nli_reconstructed_leakage_free_seed44,completeness,OLMo-2-13B-SFT,21,0.9048,0.7619,1.0,0.8627,0.619,both_complete,0,0
faulborn_nli_reconstructed_leakage_free_seed44,completeness,OLMo-2-13B-SFT,37,0.973,0.9189,1.0,0.8961,0.2703,both_truncated,0,0
faulborn_nli_reconstructed_leakage_free_seed44,completeness,OLMo-2-13B-SFT,2,1.0,1.0,1.0,,0.0,mixed,0,0
faulborn_nli_reconstructed_leakage_free_seed44,completeness,OLMo-2-1B-Instruct,60,0.9333,0.8667,0.9833,0.8667,0.1833,both_truncated,0,0
faulborn_nli_zeroshot,completeness,OLMo-2-13B-Base,21,1.0,1.0,1.0,1.0,0.9048,both_complete,0,0
faulborn_nli_zeroshot,completeness,OLMo-2-13B-Base,37,0.8919,0.7838,0.973,0.7234,0.6486,both_truncated,0,0
faulborn_nli_zeroshot,completeness,OLMo-2-13B-Base,2,1.0,1.0,1.0,,0.0,mixed,0,0
faulborn_nli_zeroshot,completeness,OLMo-2-13B-SFT,21,0.9524,0.8571,1.0,0.8772,0.619,both_complete,0,0
faulborn_nli_zeroshot,completeness,OLMo-2-13B-SFT,37,0.9459,0.8649,1.0,0.6408,0.2703,both_truncated,0,0
faulborn_nli_zeroshot,completeness,OLMo-2-13B-SFT,2,0.5,0.0,1.0,0.0,0.0,mixed,0,0
faulborn_nli_zeroshot,completeness,OLMo-2-1B-Instruct,60,0.85,0.75,0.9333,0.5909,0.1833,both_truncated,0,0
deterministic_stance_v1,prefix,OLMo-2-13B-Base,30,0.9667,0.9,1.0,0.9342,0.7333,opinion,0,0
deterministic_stance_v1,prefix,OLMo-2-13B-Base,30,0.9667,0.9,1.0,0.0,0.7,please_respond,0,0
deterministic_stance_v1,prefix,OLMo-2-13B-SFT,30,1.0,1.0,1.0,1.0,0.3333,opinion,0,0
deterministic_stance_v1,prefix,OLMo-2-13B-SFT,30,0.9667,0.9,1.0,0.8429,0.4333,please_respond,0,0
deterministic_stance_v1,prefix,OLMo-2-1B-Instruct,30,1.0,1.0,1.0,1.0,0.1,opinion,0,0
deterministic_stance_v1,prefix,OLMo-2-1B-Instruct,30,1.0,1.0,1.0,1.0,0.2667,please_respond,0,0
faulborn_nli_reconstructed_as_written_seed42,prefix,OLMo-2-13B-Base,30,0.9333,0.8333,1.0,0.9065,0.7333,opinion,0,0
faulborn_nli_reconstructed_as_written_seed42,prefix,OLMo-2-13B-Base,30,0.9667,0.9,1.0,0.8962,0.7,please_respond,0,0
faulborn_nli_reconstructed_as_written_seed42,prefix,OLMo-2-13B-SFT,30,0.9,0.8,1.0,0.7561,0.3333,opinion,0,0
faulborn_nli_reconstructed_as_written_seed42,prefix,OLMo-2-13B-SFT,30,0.9,0.7667,1.0,0.8276,0.4333,please_respond,0,0
faulborn_nli_reconstructed_as_written_seed42,prefix,OLMo-2-1B-Instruct,30,0.9667,0.9,1.0,0.9242,0.1,opinion,0,0
faulborn_nli_reconstructed_as_written_seed42,prefix,OLMo-2-1B-Instruct,30,0.9667,0.9,1.0,0.9353,0.2667,please_respond,0,0
faulborn_nli_reconstructed_as_written_seed43,prefix,OLMo-2-13B-Base,30,0.9667,0.9,1.0,0.9531,0.7333,opinion,0,0
faulborn_nli_reconstructed_as_written_seed43,prefix,OLMo-2-13B-Base,30,1.0,1.0,1.0,1.0,0.7,please_respond,0,0
faulborn_nli_reconstructed_as_written_seed43,prefix,OLMo-2-13B-SFT,30,0.9667,0.9,1.0,0.8962,0.3333,opinion,0,0
faulborn_nli_reconstructed_as_written_seed43,prefix,OLMo-2-13B-SFT,30,0.9667,0.9,1.0,0.9367,0.4333,please_respond,0,0
faulborn_nli_reconstructed_as_written_seed43,prefix,OLMo-2-1B-Instruct,30,0.9667,0.9,1.0,0.9174,0.1,opinion,0,0
faulborn_nli_reconstructed_as_written_seed43,prefix,OLMo-2-1B-Instruct,30,0.9333,0.8333,1.0,0.8611,0.2667,please_respond,0,0
faulborn_nli_reconstructed_as_written_seed44,prefix,OLMo-2-13B-Base,30,0.9,0.7667,1.0,0.8607,0.7333,opinion,0,0
faulborn_nli_reconstructed_as_written_seed44,prefix,OLMo-2-13B-Base,30,1.0,1.0,1.0,1.0,0.7,please_respond,0,0
faulborn_nli_reconstructed_as_written_seed44,prefix,OLMo-2-13B-SFT,30,0.9333,0.8333,1.0,0.8065,0.3333,opinion,0,0
faulborn_nli_reconstructed_as_written_seed44,prefix,OLMo-2-13B-SFT,30,0.9333,0.8333,1.0,0.8795,0.4333,please_respond,0,0
faulborn_nli_reconstructed_as_written_seed44,prefix,OLMo-2-1B-Instruct,30,0.9333,0.8333,1.0,0.8271,0.1,opinion,0,0
faulborn_nli_reconstructed_as_written_seed44,prefix,OLMo-2-1B-Instruct,30,1.0,1.0,1.0,1.0,0.2667,please_respond,0,0
faulborn_nli_reconstructed_leakage_free_seed42,prefix,OLMo-2-13B-Base,30,0.9333,0.8333,1.0,0.9062,0.7333,opinion,0,0
faulborn_nli_reconstructed_leakage_free_seed42,prefix,OLMo-2-13B-Base,30,0.9667,0.9,1.0,0.9094,0.7,please_respond,0,0
faulborn_nli_reconstructed_leakage_free_seed42,prefix,OLMo-2-13B-SFT,30,1.0,1.0,1.0,1.0,0.3333,opinion,0,0
faulborn_nli_reconstructed_leakage_free_seed42,prefix,OLMo-2-13B-SFT,30,0.9667,0.9,1.0,0.9306,0.4333,please_respond,0,0
faulborn_nli_reconstructed_leakage_free_seed42,prefix,OLMo-2-1B-Instruct,30,0.9333,0.8333,1.0,0.8266,0.1,opinion,0,0
faulborn_nli_reconstructed_leakage_free_seed42,prefix,OLMo-2-1B-Instruct,30,0.9333,0.8333,1.0,0.8565,0.2667,please_respond,0,0
faulborn_nli_reconstructed_leakage_free_seed43,prefix,OLMo-2-13B-Base,30,0.9667,0.9,1.0,0.9531,0.7333,opinion,0,0
faulborn_nli_reconstructed_leakage_free_seed43,prefix,OLMo-2-13B-Base,30,1.0,1.0,1.0,1.0,0.7,please_respond,0,0
faulborn_nli_reconstructed_leakage_free_seed43,prefix,OLMo-2-13B-SFT,30,0.9667,0.9,1.0,0.8958,0.3333,opinion,0,0
faulborn_nli_reconstructed_leakage_free_seed43,prefix,OLMo-2-13B-SFT,30,1.0,1.0,1.0,1.0,0.4333,please_respond,0,0
faulborn_nli_reconstructed_leakage_free_seed43,prefix,OLMo-2-1B-Instruct,30,0.9333,0.8333,1.0,0.8438,0.1,opinion,0,0
faulborn_nli_reconstructed_leakage_free_seed43,prefix,OLMo-2-1B-Instruct,30,0.9,0.7667,1.0,0.7831,0.2667,please_respond,0,0
faulborn_nli_reconstructed_leakage_free_seed44,prefix,OLMo-2-13B-Base,30,0.9667,0.9,1.0,0.9518,0.7333,opinion,0,0
faulborn_nli_reconstructed_leakage_free_seed44,prefix,OLMo-2-13B-Base,30,1.0,1.0,1.0,1.0,0.7,please_respond,0,0
faulborn_nli_reconstructed_leakage_free_seed44,prefix,OLMo-2-13B-SFT,30,1.0,1.0,1.0,1.0,0.3333,opinion,0,0
faulborn_nli_reconstructed_leakage_free_seed44,prefix,OLMo-2-13B-SFT,30,0.9,0.7667,1.0,0.8225,0.4333,please_respond,0,0
faulborn_nli_reconstructed_leakage_free_seed44,prefix,OLMo-2-1B-Instruct,30,0.8667,0.7333,0.9667,0.7115,0.1,opinion,0,0
faulborn_nli_reconstructed_leakage_free_seed44,prefix,OLMo-2-1B-Instruct,30,1.0,1.0,1.0,1.0,0.2667,please_respond,0,0
faulborn_nli_zeroshot,prefix,OLMo-2-13B-Base,30,0.8667,0.7333,0.9667,0.7993,0.7333,opinion,0,0
faulborn_nli_zeroshot,prefix,OLMo-2-13B-Base,30,1.0,1.0,1.0,1.0,0.7,please_respond,0,0
faulborn_nli_zeroshot,prefix,OLMo-2-13B-SFT,30,0.9333,0.8333,1.0,0.7619,0.3333,opinion,0,0
faulborn_nli_zeroshot,prefix,OLMo-2-13B-SFT,30,0.9333,0.8333,1.0,0.7143,0.4333,please_respond,0,0
faulborn_nli_zeroshot,prefix,OLMo-2-1B-Instruct,30,0.8333,0.7,0.9667,0.5098,0.1,opinion,0,0
faulborn_nli_zeroshot,prefix,OLMo-2-1B-Instruct,30,0.8667,0.7333,0.9667,0.6591,0.2667,please_respond,0,0
